bridge_id,status,lat,lon,elev_m,region,bearing_deg,face_normal_deg,T_peak_max,T_surf_peak,T_top_peak,T_bot_peak,T_top_mean,T_bot_mean,max_vertical_gradient,mean_vertical_gradient,diurnal_range_top
M04,ok,31.06006,109.519036,163.0,R1,50.6,140.6,49.56377091793945,49.56377091793945,37.279208374241584,35.31885537686077,30.769636663442014,30.43423416530079,2.2191540347510994,0.33540249814122586,10.392563929566691
M03,ok,31.137429,109.893081,162.0,R1,105.8,195.8,48.386294897197395,48.386294897197395,36.26872992102804,31.49913503263797,27.43978737849015,26.569988640542466,5.4234638957492045,0.8697987379476808,13.149871844994376
M06,ok,31.026909,109.48342,158.0,R1,0.0,90.0,50.918941972504584,50.918941972504584,37.340439607219324,36.453460511407776,31.691627367427113,31.482350290422595,1.350717454386448,0.2092770770045096,9.349657427600725
U0008,ok,31.40178235,109.40135205,571.0,R1,101.7,191.7,52.13500836724484,52.13500836724484,41.75613796091168,36.36851477431422,32.52557297451904,31.55706368273508,6.422074607858818,0.9685092917839607,13.91447875890858
U0018,ok,31.131671966666666,109.91754434444444,256.0,R1,112.5,202.5,50.34675735695065,50.34675735695065,36.85164787225536,33.353275203124795,29.002308823154888,28.359834691479453,3.716545754454785,0.6424741316754347,11.99099902575502
U0020,ok,31.394350125000003,109.54473344166666,325.0,R1,98.1,188.1,53.916911610444146,53.916911610444146,43.16528024925652,37.362468959361884,33.593323996739336,32.62048869255391,6.355686776293467,0.9728353041854173,14.277281767160261
U0024,ok,31.1511792,110.32003465,294.0,R1,94.3,184.3,51.10816503843813,51.10816503843813,41.35017547056083,36.10882848708508,32.13743622423821,31.245073191683407,6.394709107546433,0.8923630325548069,13.564581718129492
U0029,ok,31.11416902582417,109.8953162098901,294.0,R1,89.6,179.6,48.794371741838965,48.794371741838965,38.285316185545334,33.51863891028238,29.558163616305333,28.750772285283265,5.548717917017036,0.8073913310220682,12.567433034484967
U0038,ok,31.19826863125,110.1425132534375,621.0,R1,22.1,112.1,47.00924537612381,47.00924537612381,34.453879883157526,33.15044588765742,27.63225930544527,27.413936730301764,1.8036024589929873,0.21832257514350317,10.667688851240058
U0032,ok,31.07074135,109.50445435,163.0,R1,83.0,173.0,50.93768184653911,50.93768184653911,38.82101836993048,34.668538588031176,30.920829031099018,30.256050070489394,4.635720814852377,0.6647789606096248,11.957480618147319
U0033,ok,31.135526825,109.902652175,199.0,R1,106.2,196.2,49.50652677656038,49.50652677656038,37.46526599400757,32.97350684812509,28.877565674871995,28.04461405356149,5.163382829527826,0.8329516213105144,12.872386007090725
U0035,ok,31.39322039142857,109.57941876714288,277.0,R1,66.4,156.4,55.69032823864893,55.69032823864893,41.43794118589294,38.41654371344832,33.47332655974626,32.97955159443589,3.447857235520196,0.4937749653103653,12.305435871412545
U0036,ok,31.394640135000003,109.540261175,346.0,R1,97.9,187.9,53.91114862553492,53.91114862553492,43.11569824848138,37.31568220363375,33.54806102336667,32.578788022848954,6.353812965296406,0.9692730005177181,14.270888848058213
U0037,ok,31.40481235714286,109.36437100714286,703.0,R1,94.6,184.6,51.4595980001269,51.4595980001269,40.70990180940506,35.233365084046234,31.55912140238553,30.670979992971883,6.138436348373752,0.8881414094136458,13.519806882323728
U0039,ok,31.39514089,109.474931085,404.0,R1,86.9,176.9,54.4136540817651,54.4136540817651,41.963363780959774,37.37053812122499,33.220054766315876,32.452135121721646,5.2291929343516586,0.7679196445942378,13.280235180775765
U0041,ok,31.12721595,109.89798291,195.0,R1,66.8,156.8,49.828761994757336,49.828761994757336,36.57929071497115,33.47009564764865,28.6209553327143,28.117578838436163,3.586246219174143,0.5033764942781276,12.009240954370576
U0044,ok,31.406698097222225,109.09968968611112,795.0,R1,102.0,192.0,49.50017902770324,49.50017902770324,39.72385394706531,34.70095594841245,31.001002064437056,30.046526180528417,6.407449065641693,0.9544758839086396,12.996286497075907
U0042,ok,31.35929094545455,109.4767837,553.0,R1,46.4,136.4,53.93660540244525,53.93660540244525,39.608435414316745,37.942668384726765,32.994045019005746,32.67122468712614,2.4113663254252202,0.32282033187960646,10.668379172836769
U0043,ok,31.09140255,109.7795028,629.0,R1,83.3,173.3,48.1804711167416,48.1804711167416,35.7407253741837,31.339101680135816,27.551368641367414,26.85415646945882,5.003105449647457,0.6972121719085963,11.952772917914974
U0045,ok,31.06642770000001,109.48827124545456,197.0,R1,62.8,152.8,49.41834485442385,49.41834485442385,36.25748590919168,33.663844452932665,29.239379484602427,28.80662728734541,2.9477894261290203,0.4327521972570254,10.914485504889551
U0046,ok,31.0261898,109.360606075,205.0,R1,73.9,163.9,50.50972528065441,50.50972528065441,37.37267628876407,33.75609779498803,29.491578631556784,28.908343180315402,3.9214774523440425,0.583235451241382,11.637413637218287
U0047,ok,31.10610308125,109.6519451125,259.0,R1,72.5,162.5,48.27747525571886,48.27747525571886,34.80666574168279,31.172510860998734,27.01208591879492,26.45209573831533,4.070117279014841,0.5599901804795924,11.464210105493855
U0050,ok,31.4125911625,109.16548406249998,885.0,R1,94.2,184.2,47.93800912797518,47.93800912797518,37.339099942523944,32.029357632934044,28.370723888324864,27.47805556458849,6.138886782408477,0.8926683237363725,13.344643679664479
U0049,ok,31.113874825,109.8820843,288.0,R1,70.6,160.6,48.67828049427176,48.67828049427176,35.91331529656006,32.44585121334056,27.842563977924936,27.300146628793417,4.0310320758638305,0.542417349131509,11.71965928807088
U0051,ok,31.072602850000003,109.89805735,182.0,R1,128.1,218.1,49.077116595601,49.077116595601,35.02272126362048,32.78603979320867,27.877966443916364,27.497310157991034,2.473157459556269,0.3806562859253384,10.6986234236408
U0052,ok,31.0204269,109.4807029,158.0,R1,146.8,236.8,49.4608563649915,49.4608563649915,35.625803609681206,34.52046889354712,29.751377306488582,29.519292651067378,1.4353367447055163,0.23208465542119963,9.625757813373905
U0054,ok,31.411185225,109.17563816666669,886.0,R1,93.1,183.1,47.935437296211774,47.935437296211774,37.24303201026439,32.04121872779511,28.333589954408353,27.462459180210633,5.9739243314703,0.8711307741977214,13.269922786017347
U0053,ok,31.08347595,109.572172,161.0,R1,85.6,175.6,49.16867446209985,49.16867446209985,36.71708790247163,32.12572055951156,28.396884206118774,27.645513541281467,5.21182825816561,0.75137066483731,12.462676146014793
U0055,ok,31.185118475,110.229289475,438.0,R1,144.3,234.3,45.64827580762513,45.64827580762513,32.675219272651276,31.265023955710877,25.866031818066762,25.604445121236452,1.7812879717577097,0.2615866968303145,10.699831524116362
U0056,ok,31.0928452,109.88071560000002,356.0,R1,9.1,99.1,47.52305395222645,47.52305395222645,34.021277754059604,32.8926060643848,27.529847289183653,27.330818465356543,1.6612348197060882,0.1990288238271052,9.897518280693468
U0058,ok,31.12164292142857,109.67957970714286,403.0,R1,75.7,165.7,47.9429355311484,47.9429355311484,34.61609387917635,30.69753376053822,26.66050081969991,26.058887507908473,4.37584588583708,0.6016133117914295,11.654396528335067
U0059,ok,31.083184575,109.5728718,161.0,R1,84.4,174.4,49.278609385138694,49.278609385138694,36.61598435831116,32.09105280988407,28.319400524281296,27.58723760318146,5.118106735083412,0.7321629210998356,12.425983813405779
U0060,ok,31.061525757894746,109.90025026315789,218.0,R1,23.3,113.3,47.76300011901686,47.76300011901686,34.304775264194696,32.93260924395906,27.622641735505756,27.39673687408552,1.9188416908879375,0.22590486142024246,10.106539709947437
U0061,ok,31.39408918636364,109.54295552272728,384.0,R1,89.7,179.7,52.09088661268862,52.09088661268862,40.24955438238168,35.189322544173756,31.157450034263785,30.33022743014782,5.4668197218765755,0.8272226041159682,13.6819951406221
U0063,ok,31.185501725,110.228452625,460.0,R1,144.4,234.4,45.64049689141632,45.64049689141632,32.66774039917025,31.259605075694957,25.859578167347152,25.598444839331684,1.779416904490951,0.2611333280154702,10.698439000426678
U0064,ok,31.119381725,109.91989295,251.0,R1,90.5,180.5,46.58315281663518,46.58315281663518,36.55893676420607,31.810482157666183,27.941911728149776,27.14057758282099,5.541711299617699,0.8013341453287854,12.444849456027708
U0066,ok,30.98992026666667,109.17646531666666,170.0,R1,88.5,178.5,50.10866701988309,50.10866701988309,38.613913341699686,33.907020997733206,30.194496174965277,29.407484594252363,5.118778559164461,0.7870115807129135,12.331451523814607
U0067,ok,31.110698666666664,109.44094263333334,165.0,R1,36.5,126.5,47.25687518499343,47.25687518499343,34.00236162138566,32.74733139935336,27.981472025520368,27.724125160277662,1.8978624166014768,0.25734686524270367,9.786121668736484
U0070,ok,31.41097333333333,109.14025190833333,876.0,R1,81.9,171.9,49.40041233537947,49.40041233537947,37.082555807035796,33.06727859400147,28.827909534817362,28.161352510667097,4.6948963919824855,0.6665570241502583,12.456311273949378
U0068,ok,31.01677594,109.45078722,189.0,R1,114.9,204.9,50.95011747339184,50.95011747339184,37.09477162743749,34.052948517116924,30.06534896259704,29.530337266388905,3.041823110320564,0.535011696208136,11.017736998765265
U0071,ok,31.371077441666664,109.494620725,489.0,R1,61.7,151.7,54.27465515183253,54.27465515183253,40.13735060027932,37.516634044896605,32.83091108854717,32.38900362041617,3.088558277977654,0.4419074681309935,11.447148780751235
U0069,ok,31.19305101102564,109.80992700102564,473.0,R1,145.0,235.0,48.78657957276248,48.78657957276248,34.00794915988954,32.73774487104884,27.6775434170303,27.42716690486459,1.5711496527237045,0.25037651216570955,10.330157439319123
U0073,ok,30.9987188,109.1625097375,246.0,R1,98.3,188.3,49.22975209467669,49.22975209467669,39.22294084197728,33.820967663853814,30.25291881015809,29.325402539437697,6.068620937264274,0.9275162707203968,13.009339613648848
M01,ok,26.299699,107.246165,962.0,R2,121.2,211.2,43.89714157747574,43.89714157747574,31.403918988966044,29.50587597372412,24.946520500097368,24.613785897420073,2.421574784425207,0.3327346026772899,9.331822918802292
U0525,ok,26.36326106,107.55218266,936.0,R2,128.2,218.2,44.75492972840135,44.75492972840135,31.750344401660215,30.47512111290107,25.574857111212808,25.33189410241374,1.9260435674856673,0.2429630087990673,8.85457871444348
U0530,ok,26.17854177,107.57338879,760.0,R2,115.3,205.3,45.829268567150436,45.829268567150436,33.541442311072494,31.20854529813182,26.698665185465714,26.314481822457036,2.7996644008994203,0.38418336300867734,9.642180452181229
U0532,ok,26.41751005,107.13406955,1063.0,R2,148.8,238.8,43.82931951930583,43.82931951930583,31.621573022295866,30.991597209138806,25.886433147854707,25.695238300960824,1.3927775499024513,0.19119484689388797,8.721455158831375
U0536,ok,26.1487894,107.6054589,733.0,R2,140.2,230.2,45.10634560246579,45.10634560246579,32.73054149816399,32.016915516737384,27.1338633860043,26.921710426091384,1.4300093718633526,0.21215295991292282,8.248456931977856
U0540,ok,26.6298943,106.8862517,1171.0,R2,108.3,198.3,45.570673063348636,45.570673063348636,34.501174102232135,30.587643652258347,26.555678559828287,25.981391625249135,3.9135304499737877,0.5742869345791518,11.32062254623871
U0542,ok,26.462997450000003,106.92126371666666,1123.0,R2,72.5,162.5,45.21679420346171,45.21679420346171,33.183598331362184,30.595542489119484,26.01438959629133,25.58598107223473,3.3004421123307566,0.42840852405659907,10.322303098320472
U0546,ok,26.38960765,107.110438375,1125.0,R2,5.3,95.3,43.89242503248064,43.89242503248064,31.677017358934897,31.467240917951212,26.222518571407726,26.107488709462324,1.1672061195506274,0.11502986194540706,8.360331658970772
U0552,ok,26.17899585,107.56794795,734.0,R2,122.1,212.1,45.611878987003784,45.611878987003784,32.913454088199714,31.212107360385616,26.619307648829203,26.2940509242601,2.3952685272665377,0.3252567245691068,9.03320096309055
U0554,ok,26.3627551,107.1767334,1056.0,R2,142.4,232.4,44.563261662284226,44.563261662284226,32.42228836161222,31.592767568582243,26.722947845010673,26.52584242833583,1.4574194168869923,0.19710541667484727,8.46249315988862
U0555,ok,26.1850191,107.558412875,768.0,R2,121.8,211.8,45.60096735820525,45.60096735820525,32.90505537664357,31.18570205749458,26.599143095993885,26.270973096917103,2.4139820250574466,0.3281699990767745,9.047286078777283
U0558,ok,26.47203325,106.97926825,1087.0,R2,92.3,182.3,44.630104544730244,44.630104544730244,35.20089385229929,31.065630907214697,26.96303954157621,26.32193812235435,4.586211944880024,0.6411014192218558,11.54309364470032
U0564,ok,26.356635725,107.184852175,1026.0,R2,139.7,229.7,44.641215693788986,44.641215693788986,32.490554463605214,31.568848824679048,26.726879226083,26.51893347054983,1.5007830111804346,0.20794575553317166,8.53561346484556
U0566,ok,26.3834339,106.8532915,1357.0,R2,129.9,219.9,46.32177461929145,46.32177461929145,33.302865529892266,31.86253570507925,27.14898386549811,26.8603218973374,1.976048565272901,0.28866196816071654,9.031458429232117
U0569,ok,26.40861506666667,107.13789313333332,1042.0,R2,153.9,243.9,44.12549069116393,44.12549069116393,31.937315668532534,31.422560005241394,26.28512409116711,26.10730895759808,1.3351844122762024,0.17781513356902937,8.6275031351318
U0572,ok,26.607022700000005,106.89655107272728,1117.0,R2,113.5,203.5,45.42050750785116,45.42050750785116,33.173556657402884,30.378085937605174,25.99299856617432,25.56117573184677,2.98807714871527,0.43182283432755014,10.342455186130298
U0574,ok,26.623535850000003,106.92246725,1213.0,R2,100.5,190.5,43.181409563020836,43.181409563020836,34.53873276953115,29.546015777304827,26.0904092599286,25.380274285905543,4.992716992226324,0.7101349740230511,11.792536488074958
U0577,ok,26.59836195,107.1873654,962.0,R2,103.2,193.2,43.13594838680947,43.13594838680947,34.7948523950162,30.076847645277166,26.437177617369795,25.791096362873066,5.470099216421012,0.6460812544967368,11.672469275899903
U0579,ok,26.192086433333333,107.51373136666666,764.0,R2,89.6,179.6,44.95292179636538,44.95292179636538,34.8624497118912,31.23690874281939,26.893126724443736,26.359517584270378,4.402928376304214,0.5336091401733515,10.84865548306589
U0582,ok,26.12596552307692,107.64518081538462,739.0,R2,84.3,174.3,46.32774884383337,46.32774884383337,35.167824886405796,32.54926333529263,27.992936039992898,27.49837268673496,3.834203233610168,0.49456335325793793,10.02908734659745
U0584,ok,26.2910531,107.407933325,892.0,R2,127.5,217.5,45.97079154236131,45.97079154236131,32.95973816845178,31.504549726495323,26.705189942560068,26.441741793787944,2.1274328241021188,0.2634481487721238,8.931022752523596
U0585,ok,25.99049096190476,107.10931831904762,897.0,R2,163.1,253.1,45.87320483840677,45.87320483840677,33.37855603093108,33.109903267291685,28.23023578946294,28.098108088635282,1.7138421939024866,0.13212770082766176,7.810326518978755
U0586,ok,26.15226095,107.60468213333336,748.0,R2,120.2,210.2,45.316675837382455,45.316675837382455,32.981109312215914,31.194617543497344,26.683459628607658,26.337560674651925,2.4015426367620947,0.34589895395573594,9.053717971110121
U0588,ok,26.1792357125,107.1611206975,792.0,R2,113.4,203.4,46.8177046474013,46.8177046474013,34.91873511208296,32.30836262645699,27.957453137137275,27.527085822615856,2.936721395118436,0.4303673145214153,9.936778278691321
U0587,ok,26.3677520125,107.1718705125,1036.0,R2,137.4,227.4,44.72555445865897,44.72555445865897,32.56661068468779,31.55879220065785,26.743783047440644,26.52555312807771,1.5715694108496585,0.2182299193629349,8.603071358101925
U0590,ok,26.203603033333334,107.50255041666668,848.0,R2,125.7,215.7,45.941757975570226,45.941757975570226,32.93080490979982,31.385694420744233,26.642356579470906,26.35809890935693,2.2315842740132403,0.28425767011397884,8.987441437790295
U0591,ok,26.560464075,107.12333879375,1078.0,R2,0.2,90.2,42.58080318070792,42.58080318070792,30.840111814581565,30.533815998749265,25.377894729372716,25.264586828493396,1.18789240576508,0.1133079008793239,8.356160831473055
U0592,ok,26.5550547,107.58357426666667,813.0,R2,112.4,202.4,45.822295173698194,45.822295173698194,34.219749123718586,31.24126013275402,26.87068553903446,26.398177045409483,3.1227124990561883,0.4725084936249766,10.493966679893788
U0593,ok,26.1908175125,107.4470769375,907.0,R2,92.0,182.0,43.86730116079885,43.86730116079885,34.17004460308829,30.14550569579974,25.896425253529248,25.33717101879908,4.84875072135052,0.5592542347301639,11.17255248356414
U0594,ok,26.375396596904764,107.10614607833332,1103.0,R2,12.3,102.3,43.90709736196305,43.90709736196305,31.732970700523325,31.474531331356975,26.23627095673306,26.11481250444623,1.2264170984465252,0.1214584522868308,8.409874062638693
U0595,ok,26.6086947,107.07648016666668,1142.0,R2,99.2,189.2,43.43661112573786,43.43661112573786,34.95966298497601,30.19744831060839,26.713646377455976,26.057577597583766,5.037655504040007,0.656068779872204,11.53824623147348
U0596,ok,26.19024605,107.432726775,916.0,R2,85.7,175.7,44.865932810308955,44.865932810308955,33.612526572594255,30.40798876977365,25.917806997117726,25.429456144142915,4.237790842544182,0.488350852974806,10.540459029533512
U0597,ok,26.36181012,107.1799545,1006.0,R2,140.1,230.1,44.62880706053573,44.62880706053573,32.479465814206186,31.572083941927186,26.72574635662677,26.51948978158241,1.4940295313967482,0.20625657504436445,8.52429211815327
U0598,ok,26.3355073,107.2063488,1030.0,R2,128.1,218.1,45.614056836403286,45.614056836403286,33.254852580073496,31.798060813834734,27.110792191341975,26.839226211418932,1.9840226455944965,0.27156597992303977,8.966131299795439
U0599,ok,26.13571940657392,106.91976729765416,1236.0,R2,85.4,175.4,45.73404029630167,45.73404029630167,34.69691978359255,31.718515213201748,27.31595942770162,26.73260107273466,4.3517328632567285,0.583358354966965,10.533767890711605
U0600,ok,26.59606726666667,107.2395038,974.0,R2,89.5,179.5,43.8656060163823,43.8656060163823,34.451791663949905,30.700946357107966,26.448562248888567,25.925025936845056,4.2963286918941535,0.5235363120435069,11.217817205464414
U0602,ok,26.09718947440381,107.42445731979332,914.0,R2,111.5,201.5,45.456350631358156,45.456350631358156,33.544521200603036,30.518491050621346,26.574556414337668,26.129869918682825,3.230952041759924,0.44468649565484464,9.665173897124234
U0601,ok,26.45361876129032,106.96818155161291,1093.0,R2,40.9,130.9,45.04841627348869,45.04841627348869,32.66437055182622,31.880358101256576,26.7208874792385,26.524115696419653,1.8324192129618808,0.19677178281884225,8.93083569620569
U0603,ok,26.4705696,107.0321383625,1094.0,R2,108.2,198.2,45.82309264293992,45.82309264293992,34.69059225949102,30.885736454921773,26.93698127965127,26.352479317365486,3.9983897307287144,0.5845019622857824,11.025374391312269
U0604,ok,26.5839617625,107.292840025,1094.0,R2,112.2,202.2,45.282065398135096,45.282065398135096,34.059108179170806,30.939293901523254,26.683744936213056,26.240475062930702,3.315644921485358,0.44326987328235645,10.547528660026096
U0607,ok,26.633082,107.64052673947369,746.0,R2,97.4,187.4,45.73838209754889,45.73838209754889,36.52050491707339,31.87686724066454,27.88813613636041,27.174445796869044,5.287365139696348,0.7136903394913636,12.265050009281616
M02,ok,23.904534,109.598039,46.0,R3,0.0,90.0,44.70084481163143,44.70084481163143,34.71343231095175,34.431745277016496,30.688504527927563,30.611052919640752,1.0657189605479296,0.0774516082868056,5.574592568330445
U1455,ok,23.9020167,109.27164165000002,89.0,R3,6.3,96.3,46.7320438878904,46.7320438878904,34.75846420881157,34.197813241331396,30.027629309721764,29.929591341495485,1.3978110434238502,0.09803796822628189,6.376918114687641
U1464,ok,24.177196366666667,109.30735008333332,107.0,R3,20.8,110.8,46.15962311641151,46.15962311641151,34.711383451924746,34.00188122194976,29.950649858599217,29.841298135106832,1.438598104685564,0.10935172349237868,6.340846975474843
U1470,ok,23.71388085,109.239794625,99.0,R3,29.5,119.5,47.35286502421458,47.35286502421458,35.367627252801135,34.48766566239916,30.57478059636616,30.465777165312147,1.7109148164202104,0.10900343105401136,6.510085989018162
U1481,ok,24.23141247692308,109.34247944615385,99.0,R3,15.6,105.6,46.45296169051633,46.45296169051633,34.97537840498377,34.329349883194084,30.270551364453482,30.164462444942746,1.4784168621262381,0.10608891951073529,6.2829024668638525
U1484,ok,23.946368775000003,109.26653290000002,99.0,R3,167.9,257.9,46.87173974335969,46.87173974335969,34.881043111129024,34.26612103022864,30.113300450961276,30.01023197935723,1.3991248679798645,0.10306847160404783,6.418253406934017
U1502,ok,24.029652175,109.68388225,62.0,R3,75.9,165.9,44.455653601598314,44.455653601598314,34.54477489520405,33.013864726880705,29.86052963805299,29.593221918748966,2.681636675736822,0.26730771930402547,6.169503894579066
U1507,ok,23.81579015,109.26211915,105.0,R3,92.6,182.6,47.27258097279495,47.27258097279495,38.19730759378185,33.95891046412499,30.868884450384783,30.416519504074007,4.852010418063806,0.4523649463107709,9.318632913701677
U1508,ok,24.254235925,109.6323405875,59.0,R3,18.3,108.3,48.80315356424454,48.80315356424454,34.49785702442074,34.46481019687073,30.503495146703465,30.432251666885023,1.3646405278286018,0.071243479818441,5.395410543634103
U1509,ok,24.24886718125,109.342711865625,97.0,R3,1.7,91.7,46.36294578318798,46.36294578318798,34.82183213958218,34.248257391247854,30.181877541917263,30.08217797618365,1.3971535410856184,0.09969956573360962,6.212712862144759
U1511,ok,23.6225708465,109.8480037965,115.0,R3,90.7,180.7,41.36447115684702,41.36447115684702,35.20612309278634,32.898253712494764,30.525097926394903,30.228066224687378,2.921806777359656,0.2970317017075151,6.136242924894599
U1512,ok,23.738752700000003,109.40445901666666,78.0,R3,138.7,228.7,46.74065586981246,46.74065586981246,35.29157131105204,34.08786215477981,30.56941140159637,30.44661882112036,1.553877056308984,0.12279258047600562,6.34305725209455
U1513,ok,24.14530585,109.288498225,119.0,R3,37.4,127.4,46.388221785864275,46.388221785864275,34.84209923035396,33.847001893303236,29.847559319627212,29.694553581107158,1.6562491233971635,0.15300573852005345,6.612477677451807
U1514,ok,23.7026745,109.540658425,40.0,R3,87.8,177.8,46.00683963633226,46.00683963633226,36.86964579591384,33.68792015973728,30.694928210092655,30.362769474469342,4.032566862208789,0.33215873562331555,7.934994178597503
U1516,ok,24.117158485,109.269176065,134.0,R3,17.8,107.8,46.12991813483744,46.12991813483744,34.490245314903426,33.88667491779317,29.80090522467615,29.68264265629578,1.3159287265793793,0.11826256838037329,6.370507521227317
U1517,ok,24.02987316,109.26882298,109.0,R3,172.4,262.4,45.92152509671557,45.92152509671557,34.077676071124436,33.5187551426791,29.39834310127827,29.290886123643123,1.3078289695118848,0.10745697763514396,6.345080458774792
U1518,ok,23.97760901666667,109.26622106666667,95.0,R3,97.4,187.4,46.26863840230756,46.26863840230756,37.59132193399126,32.71982122412434,29.866449723053755,29.314004926040653,5.296270217516977,0.5524447970131041,9.720811756936875
U1520,ok,23.8010247,109.24638905,91.0,R3,28.2,118.2,47.48545255993878,47.48545255993878,35.43921049686431,34.59908696672115,30.696063177133905,30.579112814051424,1.701154554473849,0.11695036308248093,6.479137717883955
U1521,ok,23.70443046,109.24580418,49.0,R3,18.2,108.2,47.27104276496813,47.27104276496813,35.23391015320176,34.68086572509634,30.591896459716132,30.511564487664867,1.507397277150357,0.08033197205126304,6.348311919442661
U1522,ok,23.703751725000004,109.245285175,59.0,R3,18.2,108.2,45.851199358482305,45.851199358482305,33.81406157634376,33.26102492626559,29.172052469361986,29.091721565605305,1.5073927872661983,0.08033090375667995,6.34830688373107
U1525,ok,24.09115335833333,109.67643226666668,54.0,R3,95.3,185.3,42.93252251488747,42.93252251488747,34.86907126405663,31.365116965332266,28.661895225352755,28.20845109250005,4.45712014941115,0.45344413285270296,7.825855652116754
U1527,ok,23.769653755,109.212566375,89.0,R3,117.2,207.2,47.71623820697666,47.71623820697666,35.38471308419705,32.79785424845339,29.33278322808776,29.06134139856926,2.9118544944796483,0.2714418295184934,7.91719229252341
U1528,ok,23.894822027272724,109.97644889545457,259.0,R3,149.6,239.6,36.0913253079319,36.0913253079319,28.570013892367875,28.766377636721522,25.44665378226276,25.38246929530799,0.8900264674626399,0.06418448695477011,4.208453904434407
U1531,ok,24.262154375,109.47516855,78.0,R3,9.6,99.6,47.53607350462738,47.53607350462738,33.89267644145078,33.55396713518199,29.2070419454964,29.133130959788932,1.3349950641709079,0.07391098570747126,6.258257773390184
U1529,ok,23.71123552142857,109.22598922857142,49.0,R3,42.5,132.5,46.25502593870436,46.25502593870436,34.34585075040609,33.25994697092911,29.26147742856475,29.13886490829866,1.9455822264375513,0.1226125202660902,6.82430992160997
U1530,ok,24.24843688,109.34614788,100.0,R3,13.8,103.8,44.95751794469835,44.95751794469835,33.477757626004205,32.84263124147845,28.781940221054555,28.676955234208197,1.4652569324652873,0.10498498684636154,6.272614609204233
U1532,ok,23.70712655,109.23584255,60.0,R3,26.2,116.2,45.89233446667329,45.89233446667329,33.8896065817277,33.074772246328656,29.151472922770147,29.047598956612344,1.6675977869151168,0.10387396615779693,6.451344238166929
U1533,ok,23.625975734090908,109.89274417424242,178.0,R3,102.1,192.1,39.46813896908433,39.46813896908433,32.77530955014136,28.883380449415732,27.114958985906643,26.69418557029847,3.967277384748204,0.4207734156081774,7.054433983563214
U1534,ok,24.09579766964286,109.9074244377381,124.0,R3,70.6,160.6,39.426155359525616,39.426155359525616,30.675051381670997,30.167140560028354,27.012218079682647,26.839043581795742,1.9424363058686076,0.17317449788690648,4.835652877526389
U1535,ok,23.57066415,109.68750925,33.0,R3,40.5,130.5,40.09555599948799,40.09555599948799,32.22077137905973,30.993628457453458,28.163562484796113,28.082941506024795,1.5758248647893076,0.0806209787713124,5.3601660154320605
U1536,ok,23.625021525,109.7313517375,93.0,R3,66.1,156.1,40.85970986396099,40.85970986396099,32.636587644241565,30.992871906797827,27.918703108519104,27.761006104441716,2.1492200274269138,0.1576970040773862,6.058894380203672
U1537,ok,24.262903675,109.475254925,78.0,R3,9.5,99.5,47.52260777684549,47.52260777684549,33.88454219658168,33.540460974677735,29.194373463867365,29.11961092955933,1.3374463002504378,0.0747625343080348,6.263120058690447
U1538,ok,24.2271905,109.53061935,78.0,R3,32.6,122.6,47.12720871682179,47.12720871682179,33.618054246388716,33.12009779757764,28.930170114400404,28.834306385798154,1.4129268403002655,0.09586372860224525,6.269375250551363
U1540,ok,23.729335825,109.2441182,94.0,R3,3.9,93.9,45.88285611861775,45.88285611861775,33.74055609064539,33.13932360683622,29.186269072281565,29.099542564004636,1.5020022168838487,0.08672650827692768,6.254057092577202
U1541,ok,24.004371740000003,109.4489059,121.0,R3,68.7,158.7,45.71203567280535,45.71203567280535,34.86659901463816,32.86204841624776,29.19470448735535,28.940732785323025,2.561063157743064,0.2539717020323172,7.391654538964858
U1542,ok,24.12783365,109.97335082499998,147.0,R3,59.5,149.5,40.15884586215181,40.15884586215181,31.39596162629386,31.24515387932189,27.823983206147112,27.69562352513581,1.6073069099400783,0.12835968101130418,4.722305883002143
U1545,ok,23.98015605,109.67060425,54.0,R3,88.5,178.5,41.203663994633416,41.203663994633416,33.29472115580605,31.320156398256128,28.32566771582427,27.96114841109294,3.3661919885281506,0.364519304731333,6.516305364692279
U1546,ok,24.239622275,109.57928421666668,60.0,R3,133.9,223.9,48.13656553149868,48.13656553149868,34.2177329662745,33.34662737838536,29.37283035459458,29.219618572804603,1.871085091482179,0.1532117817899675,6.470204790680416
U1547,ok,24.077822079761905,109.45320056190477,128.0,R3,127.8,217.8,45.508900289267444,45.508900289267444,34.416436414038124,33.10066176259352,29.438382043980855,29.240897641660208,1.7715282951492455,0.19748440232064804,6.657764292494942
U1548,ok,24.2603853225,109.35168065395834,100.0,R3,109.4,199.4,46.997159281754904,46.997159281754904,35.332016860156806,32.292556929627594,28.947046129385637,28.51447463696969,3.849876614415326,0.4325714924159455,8.226069647468563
U1549,ok,23.9200165,109.9539691325,215.0,R3,120.8,210.8,36.83461845591883,36.83461845591883,28.997822672420103,28.63044184388325,25.465624342897478,25.302649485939394,1.5922698825519284,0.16297485695808522,4.697599120710194
M05,ok,24.734633,98.967111,647.0,R4,0.0,90.0,52.10175710795221,52.10175710795221,35.80105619326447,33.934330841994615,29.013111239356835,28.784172417475574,2.2201959973476946,0.2289388218812559,9.670053789812322
U2029,ok,24.9313105,98.8842464,707.0,R4,50.0,140.0,58.10692012858606,58.10692012858606,40.761908152489106,38.03393295230261,32.95201143044314,32.58774068818689,3.61891701173095,0.3642707422562526,11.007467659358404
U2030,ok,24.83777965,98.673743575,1262.0,R4,127.2,217.2,51.945243002054696,51.945243002054696,35.448720788336,32.4546819298071,27.571960053366137,27.187522392678265,3.2555820233015282,0.38443766068786916,10.577729717104226
U2031,ok,24.971123393333333,99.07155374,1655.0,R4,79.1,169.1,52.20518172137707,52.20518172137707,35.4084124834066,30.0656590696472,25.858015607597558,25.16162931269104,6.160666965216052,0.6963862949065145,13.005566878190127
U2032,ok,24.99525213333333,99.2086722425926,1675.0,R4,110.4,200.4,51.61824037038052,51.61824037038052,35.51870371270606,29.86667289839254,25.936956669282914,25.15102122516453,5.760823694650352,0.7859354441183796,12.910897830189132
U2033,ok,24.96091811694678,99.05783865364144,1517.0,R4,54.7,144.7,51.193347256146346,51.193347256146346,33.75794191950225,30.664292857667355,25.63570976025375,25.215624122643064,4.040501847681206,0.42008563761068646,11.378835967605067
U2040,ok,24.69295096,99.215067825,1744.0,R4,48.6,138.6,49.785259866378226,49.785259866378226,33.79098424344455,31.125997673224074,25.987970725732946,25.63995549098323,3.7542149037910093,0.34801523474972096,10.6738137160063
U2036,ok,24.539498155882352,98.6327293735294,1186.0,R4,46.8,136.8,49.7047567101834,49.7047567101834,33.80325387583961,31.44508063255566,26.27826988723484,25.96484838758986,3.086019599100549,0.31342149964498334,10.096846489440882
U2037,ok,24.51966422352941,98.61419989411765,1096.0,R4,54.0,144.0,49.99106598596681,49.99106598596681,34.16450898483127,31.638046650212257,26.590004852087304,26.233920594954288,3.4616179068253423,0.3560842571330185,10.428748801667108
U2038,ok,24.55376811428572,98.62451955714286,1294.0,R4,49.8,139.8,47.6393089491146,47.6393089491146,31.517665806650154,29.2080058747037,24.094452282679697,23.769149008438994,3.2980892826170773,0.3253032742407074,10.249854537060251
U2039,ok,24.65831657,98.75607052,1709.0,R4,59.8,149.8,48.60164855080046,48.60164855080046,32.8419079700858,29.813731738112917,24.758111004468475,24.37392736324776,3.8256422257238363,0.38418364122070586,10.776502761594191
U2041,ok,24.99813493382353,99.35592195441176,1511.0,R4,60.0,150.0,49.57835531243276,49.57835531243276,33.26822801769575,29.767334212479977,24.856543056608402,24.398209705287094,4.27154526418699,0.458333351321309,11.468565741907994
U2045,ok,24.96236569,98.92380933,830.0,R4,109.0,199.0,53.36458534452122,53.36458534452122,36.86640353731815,31.333859703305517,27.563010290392008,26.763333899195334,6.300762068185726,0.7996763911966748,12.838744879793108
U2046,ok,24.6664633,98.76561681666664,1786.0,R4,21.7,111.7,48.064422210875364,48.064422210875364,31.74823500822735,29.99306986404314,24.575613693640722,24.36450217892371,2.347863437479525,0.21111151471701728,9.736042920708911
U2049,ok,24.91436089869565,99.1340316672174,1712.0,R4,145.8,235.8,49.34833898818149,49.34833898818149,31.85015887419359,29.32693262878212,24.201647045256443,23.897416985008338,2.8717216223526414,0.3042300602481038,10.599505954998431
U2051,ok,24.989480948,99.184596352,1735.0,R4,87.0,177.0,49.05508780154614,49.05508780154614,34.31521589727681,28.364481331980695,24.02080915402809,23.200563516270073,7.001995512863676,0.82024563775802,13.620129746672806
U2052,ok,24.52663900384616,98.61928749615385,1068.0,R4,1.3,91.3,49.2785066391193,49.2785066391193,32.852750613625076,31.640200502693723,26.304726685684166,26.10967097908748,2.087215052504316,0.19505570659669477,9.282153468698617
U2054,ok,24.688447116666666,99.19888828333332,1859.0,R4,77.8,167.8,50.6098803629473,50.6098803629473,34.768957461919115,30.245868061368846,25.89145485972992,25.281765490709855,5.62819821219875,0.609689369020059,11.928373464039304
U2053,ok,24.87090842058824,99.15752095882353,1508.0,R4,178.2,268.2,47.57751082931709,47.57751082931709,30.332747657845342,28.805972563321358,23.37089223255945,23.151611458013072,2.380997416954724,0.21928077454637757,9.749661451161458
U2055,ok,24.960182475,98.947874275,1118.0,R4,178.7,268.7,50.92643897357462,50.92643897357462,33.41743642148973,31.791915350835296,26.489719934495746,26.273787654585625,2.2731155712070894,0.2159322799101219,10.011651631283836
U2056,ok,24.727681245454548,98.78056617272728,1928.0,R4,100.9,190.9,46.60964141335444,46.60964141335444,35.154203181629846,28.214816581618475,24.832401358271728,23.886076505081864,7.796230484642884,0.946324853189871,13.425568829374694
U2058,ok,24.99967013148148,99.15590391851852,1799.0,R4,110.9,200.9,49.450021882072804,49.450021882072804,33.02110342081251,27.37866635645941,23.414550678882726,22.641312303720053,5.738121963683554,0.7732383751626749,12.929071312410017
U2060,ok,24.7771587444056,99.1939517374126,1540.0,R4,151.7,241.7,49.123707401153354,49.123707401153354,32.65874099362059,30.861877740205305,25.65919258382872,25.40521358170121,2.60327145141099,0.2539790021275044,9.793802064177552
U2061,ok,24.53904683928572,98.63213901071428,1145.0,R4,50.4,140.4,49.65701276384463,49.65701276384463,33.8157303904612,31.32260590419137,26.195114569884154,25.860410219870637,3.2488705457407256,0.3347043500135147,10.208079798070543
U2062,ok,24.770142900000003,98.71571000999998,1799.0,R4,7.7,97.7,48.60361270088047,48.60361270088047,31.90127846742606,30.304820729067433,24.82639363279804,24.632256690839686,2.171195339589989,0.19413694195835296,9.628758091767057
U2063,ok,24.74974325,98.79729751,1902.0,R4,53.3,143.3,48.20102719185792,48.20102719185792,32.13008364102695,29.41872156201484,24.241138677385628,23.900755010626167,3.4840286913419973,0.3403836667594659,10.549158332564424
U2069,ok,24.80281992333333,99.18714185111112,1498.0,R4,167.8,257.8,48.5354481701186,48.5354481701186,32.05128375407311,30.614956089397936,25.277919256430906,25.06111909712205,2.3049670118855587,0.21680015930885363,9.54009696151103
U2064,ok,24.82492932,98.71495528,1562.0,R4,106.0,196.0,49.43638011869889,49.43638011869889,35.58289952875852,29.220904193047947,25.607764570007404,24.771060033037635,6.923661362929639,0.8367045369697658,13.018158072473835
U2065,ok,24.9917821,99.0673213,1731.0,R4,19.5,109.5,47.91390375855144,47.91390375855144,30.02432290676874,28.129526052925588,22.779887263092466,22.528497245992472,2.635905040310785,0.2513900170999948,10.375869928681997
U2066,ok,24.50386834,98.6016679,1054.0,R4,52.5,142.5,49.8204183090036,49.8204183090036,33.925271765956694,31.49708306479503,26.42648567683156,26.08041588353228,3.3892456207246973,0.3460697932992877,10.345502183379551
U2068,ok,24.856936015384616,98.64863096153849,1553.0,R4,87.2,177.2,48.44153398496946,48.44153398496946,34.03363628649403,28.484487019291635,24.25500730417893,23.554275248602774,6.428426826678507,0.7007320555761519,12.699462785952502
U2070,ok,24.844901525,99.168423475,1519.0,R4,166.9,256.9,48.295294426868836,48.295294426868836,31.806710023755294,30.36252209099482,25.029119293877628,24.810979214399556,2.3115477900849903,0.2181400794780708,9.545450751319688
U2074,ok,24.532299282416663,98.61538052758333,1302.0,R4,65.1,155.1,50.038044909887525,50.038044909887525,34.83688393569987,31.43808757832857,26.61725638253405,26.172599120972315,4.037731050080897,0.4446572615617359,11.139438571866716
U2071,ok,24.8738513125,98.6308209,1697.0,R4,150.3,240.3,47.589773020057585,47.589773020057585,30.723610890524206,28.921526593827554,23.586847611775205,23.343358660150777,2.360859233444689,0.24348895162442585,9.7315051117526
U2072,ok,24.7250360125,98.784970125,1915.0,R4,118.8,208.8,49.2215745740314,49.2215745740314,32.97134876291974,29.003174014228883,24.466566800315523,23.973084005054723,4.190121219544725,0.4934827952608015,11.294847972692864
U2077,ok,24.6626288125,98.7620632625,1748.0,R4,56.1,146.1,48.51775647048828,48.51775647048828,32.63306453568301,29.781227120989122,24.656985285083326,24.299449466367548,3.6306272279560936,0.3575358187157819,10.648897120509016
U2075,ok,24.94531818125,98.948031625,1028.0,R4,23.2,113.2,53.4509207470927,53.4509207470927,36.250522320622615,34.40233620128249,29.148251827722895,28.90637135872462,2.550732922594193,0.24188046899828006,10.201373574233855
U2076,ok,24.82258574444445,99.18080982222222,1510.0,R4,152.6,242.6,48.61914119053729,48.61914119053729,32.08052450503377,30.401959509317997,25.16401094528753,24.91075657435066,2.5219775827302904,0.25325437093686853,9.713067875414783
U2079,ok,25.03814025,99.00730295,1360.0,R4,30.7,120.7,49.135111459913325,49.135111459913325,32.18321594950018,29.997675896763425,25.009248723248405,24.699954713896908,2.7746569505977483,0.3092940093515014,10.305321430645169
U2085,ok,24.6317718875,98.72259187708336,1622.0,R4,59.2,149.2,48.69308605816306,48.69308605816306,32.9760934710694,29.976166499917383,24.940698375611884,24.558373578941456,3.771141087634117,0.3823247966704207,10.729661787773168
U2080,ok,24.64482861666667,98.67908321666664,1355.0,R4,18.9,108.9,47.37027796489192,47.37027796489192,31.43162849927411,29.80361908388948,24.47327852210219,24.26782317706345,2.164648654174801,0.20545534503874147,9.515950004567443
M07,ok,27.583434,104.020317,860.0,R5,0.0,90.0,43.41212787664111,43.41212787664111,28.290163766453908,26.990392765589103,21.718035633284767,21.503396861366312,1.8385380515057008,0.21463877191845857,9.316050821955372
U2504,ok,27.8950054,103.90990076363636,653.0,R5,6.5,96.5,47.125192364453085,47.125192364453085,32.01242423746594,30.942805619381108,25.405078146379726,25.21633913232838,1.6853086271925832,0.18873901405134108,9.96623639884523
U2517,ok,27.68438711578948,104.37988166842104,1262.0,R5,62.3,152.3,52.275925965000575,52.275925965000575,37.604056841666626,34.62248733392484,29.830745994483088,29.438980089375598,3.4996192400831276,0.39176590510749065,10.555774528273066
U2518,ok,27.73366761739131,104.39645129565216,1140.0,R5,179.3,269.3,50.607990174117305,50.607990174117305,35.36170957554283,34.1070019493738,28.891705789016722,28.721070786816544,1.7352647679721116,0.17063500220018332,9.089760117927703
U2522,ok,27.60378185925926,104.3303445148148,1513.0,R5,64.1,154.1,46.993803850536786,46.993803850536786,34.055985513348546,31.292293265848297,26.6088557907914,26.212480601615418,3.5074726187824936,0.3963751891759804,10.244979290030845
U2525,ok,27.672072194117646,104.34269482941176,1419.0,R5,65.6,155.6,51.680855050121195,51.680855050121195,36.73150191221866,33.542433497404566,28.743014547730617,28.306257322642523,3.655860648834029,0.43675722508809345,11.163478829322216
U2534,ok,27.402481563636364,103.77862085454544,2043.0,R5,157.0,247.0,47.80886782253283,47.80886782253283,32.0732418069001,30.84391904676327,25.416931885049483,25.199763518696304,1.9546758221122076,0.21716836635317893,9.329778825041576
U2536,ok,27.875050859459463,103.90710162972972,657.0,R5,31.8,121.8,47.69365906021005,47.69365906021005,32.71559424186108,31.257356748815273,25.79611419221932,25.55305938438024,2.1516934601896267,0.24305480783907832,10.319411743672813
U2538,ok,27.3311106,103.94430835,1807.0,R5,0.5,90.5,46.17087923494769,46.17087923494769,30.671848670251595,29.92913718319474,24.379869985911117,24.198378305294316,1.635528936829342,0.1814916806167987,9.135147722090682
U2539,ok,27.515873375,103.8485658625,1902.0,R5,37.5,127.5,45.6177447484158,45.6177447484158,30.75790830450078,29.140101783889286,23.82418854526907,23.560971712684662,2.460304799854516,0.26321683258441003,9.626343741777664
U2541,ok,27.584954727861955,104.02622933964643,888.0,R5,72.4,162.4,45.23638643843756,45.23638643843756,29.975852583705354,26.744556364279813,22.104402690251625,21.583785770094448,4.116364337410932,0.5206169201571785,10.862676348481966
U2540,ok,27.88421764222221,103.91023222,636.0,R5,25.3,115.3,47.54855561386408,47.54855561386408,32.528672863778304,31.211740924089487,25.71811901971011,25.495995449706975,1.9838459552084409,0.22212357000313399,10.19464514594856
U2543,ok,27.476524436000005,103.81970083800005,2018.0,R5,35.9,125.9,45.91334640430577,45.91334640430577,31.19712139672023,29.626255022721597,24.314860081994688,24.06277361037429,2.3855390786311794,0.2520864716203994,9.561443777961834
U2544,ok,27.70293202,104.396665995,1157.0,R5,30.9,120.9,51.1620963266452,51.1620963266452,36.07232272654558,34.41682426069309,29.26900775436858,29.050609875531993,2.222014588484413,0.21839787883659062,9.451843012842915
U2545,ok,27.307902914285712,103.91817696428572,1988.0,R5,55.7,145.7,47.930858010477984,47.930858010477984,32.48643511026632,30.566449818556247,25.33981301951547,24.98286842320059,2.8896920202288,0.35694459631488074,10.126518939872128
U2546,ok,27.229607610869568,103.78493778695652,1832.0,R5,76.3,166.3,48.97785857668195,48.97785857668195,33.780502707755645,30.326964985922576,25.565046814364667,25.02949717293522,4.179344043523912,0.5355496414294523,11.22050549787837
U2547,ok,27.23000711363636,103.795235925,1811.0,R5,75.9,165.9,48.93853630375982,48.93853630375982,33.72507192497589,30.30530293032835,25.52789840405008,24.997042411324024,4.144177510163264,0.5308559927260625,11.198813741749799
U2549,ok,27.77236659622034,103.65249229895052,1505.0,R5,94.5,184.5,46.8447394378077,46.8447394378077,35.82031598245101,30.469394679960264,26.759901541375793,25.910316613707174,6.055803803178566,0.8495849276686223,12.52543551436202
U2548,ok,27.29323476875,103.682131846875,1905.0,R5,116.1,206.1,48.75841436918869,48.75841436918869,32.0641409879094,29.105382851536742,24.335169596286132,23.82639112606658,3.368528758929301,0.5087784702195512,10.737616627455868
U2550,ok,27.8353456360452,103.82807609557908,820.0,R5,115.1,205.1,45.568634200359654,45.568634200359654,31.30170538588077,28.036630751913286,23.614191812089597,23.072664406687718,3.631695126656453,0.5415274054018773,10.945778946590082
U2551,ok,27.408043125,103.68215479375002,1957.0,R5,121.1,211.1,48.03391317939044,48.03391317939044,31.764981242842676,29.3198095813243,24.579588905103765,24.128356138433706,2.9633375729455302,0.4512327666700618,10.032840281440219
U2554,ok,27.56886408567073,104.27354980532152,1385.0,R5,17.6,107.6,44.17017007779021,44.17017007779021,31.51223308446688,30.166235420452562,25.069058337978106,24.885395731088234,1.8395559198833276,0.18366260688987093,9.084270009762221
U2553,ok,27.793373239344263,103.72463437868852,1209.0,R5,142.3,232.3,47.74175992234435,47.74175992234435,32.484448132619015,31.103533846644012,25.83616103878296,25.559982112552085,2.116290444981079,0.2761789262308766,9.713182111442485
U2555,ok,27.30713766,103.91651325,2015.0,R5,54.6,144.6,47.880141985893445,47.880141985893445,32.42767394756117,30.573967669327256,25.329301219796946,24.979900432310377,2.8469779314771415,0.34940078748656705,10.072613886788272
U2556,ok,27.74025092926829,103.75192218536588,1497.0,R5,3.5,93.5,43.98444453867828,43.98444453867828,28.329907455157763,27.290802065106845,21.740916191230347,21.5374657977608,1.8937073731662188,0.20345039346954744,9.610773093265887
U2557,ok,27.56542528125,104.151631903125,1031.0,R5,87.7,177.7,42.29732113811122,42.29732113811122,30.945348401382944,26.89642214538741,22.677986960205672,22.014369507413743,5.0289649359938196,0.6636174527919321,11.264127236803212
U2560,ok,27.841687522638324,103.80181895853576,957.0,R5,53.5,143.5,43.47093289989988,43.47093289989988,29.286271932465873,27.29633169643762,22.190292865905683,21.841621738489884,2.9174163172395566,0.34867112741579803,10.194549518913789
U2559,ok,27.49140843636364,103.75071575454544,2018.0,R5,137.6,227.6,44.29654354381059,44.29654354381059,28.608701475831666,27.00549912025835,21.83561785559059,21.54308713591462,2.2668306850067133,0.2925307196759693,9.49527199110672
U2561,ok,27.831291776041663,103.78628422291666,1030.0,R5,76.1,166.1,44.61879166786147,44.61879166786147,30.970630056653203,27.11664281567219,22.59342649511072,22.01218336107342,4.454869576006292,0.5812431340373031,11.652059038519372
U2564,ok,27.57041829047619,104.13139414285716,1004.0,R5,112.6,202.6,45.1611639363091,45.1611639363091,31.86578508803339,28.34116577664265,24.247891184137565,23.684337946977845,3.5884135561759187,0.5635532371597207,10.577826803929504
U2565,ok,27.81728032616408,103.7709029630451,1043.0,R5,29.4,119.4,43.86315184202353,43.86315184202353,29.025068250327546,27.690595945170593,22.31781399679939,22.079732210173237,2.150932350780483,0.23808178662615145,9.732812923542213
U2568,ok,27.57072129,104.130860215,1004.0,R5,111.9,201.9,45.188705589412784,45.188705589412784,32.0135731958074,28.36704516657844,24.306482067278516,23.726759576523385,3.723600336145722,0.5797224907551288,10.679264432565343
U2574,ok,27.580591446243293,104.28552747614788,1399.0,R5,50.3,140.3,42.74075734588391,42.74075734588391,30.198086167810203,28.015075661362534,23.123027637284093,22.824456821903848,2.8381338197911035,0.29857081538024416,9.802274931333134
U2571,ok,27.423851068181825,103.72995586363636,2017.0,R5,44.6,134.6,45.10983950800685,45.10983950800685,29.84151490346032,27.882827612026905,22.566210698679704,22.260809518490827,2.883612282199106,0.3054011801888782,10.010090724781161
U2573,ok,27.853760053658544,103.89090102682928,649.0,R5,29.2,119.2,44.54728670341203,44.54728670341203,29.375504644026282,27.953765757229956,22.675636471657022,22.441073314188948,2.1310613501856466,0.23456315746807138,9.75518554107514
U2576,ok,27.24963315,103.657930725,1907.0,R5,120.9,210.9,46.5140682249456,46.5140682249456,29.926791095609097,27.482824269884464,22.462998762764794,22.037930540782796,2.94136341036722,0.42506822198200084,10.402613828340225
U2577,ok,27.85352580487805,103.8902539390244,678.0,R5,30.0,120.0,44.65157163007506,44.65157163007506,29.485606618085562,28.045227969012807,22.771328046288744,22.534054899008463,2.1525149004553654,0.2372731472802802,9.771642421706439
U2578,ok,27.5598913975,104.2446283425,1305.0,R5,86.4,176.4,43.842250054820454,43.842250054820454,32.12609917602246,28.11992876705967,23.842066648071828,23.19213112796632,5.039715639991378,0.6499355201055059,11.274031409926906
U2580,ok,27.56431244734848,103.88828190016233,1818.0,R5,68.0,158.0,43.691165605657524,43.691165605657524,28.761901189901675,25.91094863917807,21.139441360000802,20.67695217648293,3.7427107196013907,0.4624891835178722,10.565918325320602
U2579,ok,27.222147550000003,103.842909575,2026.0,R5,176.5,266.5,45.356218481785646,45.356218481785646,29.420835797169183,28.609215990203992,23.03369246995739,22.822530443274026,1.7113518281265954,0.21116202668336154,9.144901062711224
U2584,ok,27.84624712984596,103.81081706508344,920.0,R5,70.4,160.4,43.743539234080856,43.743539234080856,30.19216801526877,27.01325188689591,22.293143513684836,21.79618330722753,3.7790758877728123,0.4969602064573049,11.10456738276105
