lat,lon,highway,elev_m
31.0204269,109.4807029,trunk,69.4
31.0833136,109.5723368,motorway,157.0
31.0666539,109.4880074,motorway,215.2
31.0898423,109.6257839,motorway,249.4
31.0711694,109.5174856,motorway,224.9
31.0899664,109.6256937,motorway,249.8
31.0707769,109.5174324,motorway,224.8
31.0823516,109.6060729,motorway,259.1
31.0855587,109.6135777,motorway,255.1
31.0822594,109.606149,motorway,255.0
31.0856567,109.6134857,motorway,261.3
31.0303849,109.4416181,motorway,246.0
31.0878524,109.62245,motorway,208.4
31.0712323,109.5124649,motorway,195.7
31.087779,109.6225169,motorway,207.3
31.0706913,109.5044648,motorway,102.1
31.0674841,109.4910677,motorway,224.1
31.0707914,109.5044439,motorway,100.9
31.0951929,109.6358885,motorway,245.9
31.0302454,109.4416237,motorway,243.0
31.0710814,109.5126275,motorway,191.8
31.0650927,109.485658,motorway,230.4
31.0829968,109.5728802,motorway,156.4
31.0320434,109.3677029,motorway,252.8
31.0319486,109.3676889,motorway,252.0
31.0305039,109.3731113,motorway,227.7
31.0299414,109.3784927,motorway,210.4
31.0304151,109.3730585,motorway,224.0
31.0300336,109.3784294,motorway,210.9
31.0612593,109.5184271,trunk,91.6
31.0310149,109.3722382,service,254.5
31.0294867,109.3783911,motorway_link,211.1
31.0317686,109.3675478,service,251.2
31.0462644,109.5690645,footway,147.5
31.0322575,109.3680364,service,255.1
31.0307668,109.3731945,motorway_link,230.3
31.0303445,109.3727428,service,218.5
31.0983966,109.6419453,motorway,282.5
31.1080307,109.6607549,motorway,263.4
31.0983162,109.6420393,motorway,279.6
31.1081544,109.6607077,motorway,264.3
31.1034916,109.6460309,motorway,299.5
31.0973557,109.6407747,motorway,267.4
31.0953088,109.6358266,motorway,248.5
31.1035709,109.6459088,motorway,300.6
31.1190916,109.6734049,motorway,362.9
31.0974632,109.6406975,motorway,269.0
31.1190059,109.6735164,motorway,383.0
31.1127403,109.6694443,motorway,357.7
31.112811,109.6693071,motorway,357.8
31.1216309,109.6799509,motorway,424.6
31.121749,109.6798869,motorway,411.2
31.1060054,109.6521408,motorway,231.4
31.1058885,109.6521978,motorway,231.4
31.0734282,109.5861068,trunk,136.5
31.1049711,109.8279983,motorway,460.4
31.0307066,109.385253,motorway,210.7
31.0303458,109.381953,motorway,222.5
31.1044771,109.8270012,motorway,463.9
31.1037361,109.825295,motorway,447.3
31.0306224,109.3852649,motorway,210.7
31.0302583,109.3819682,motorway,222.5
31.0952296,109.7984818,motorway,538.0
31.0953423,109.7984823,motorway,539.0
31.0326806,109.4219931,motorway,292.5
31.0945294,109.7930799,motorway,537.1
31.0318651,109.418351,motorway,267.5
31.0988983,109.8085896,motorway,499.5
31.032783,109.4219573,motorway,294.7
31.0944152,109.7930817,motorway,534.6
31.0317312,109.4184018,motorway,261.9
31.0986913,109.8086167,motorway,492.9
31.0276726,109.4076314,motorway,227.1
31.030947,109.4152573,motorway,216.5
31.0275394,109.4076919,motorway,225.8
31.0308184,109.4153183,motorway,216.1
31.1046871,109.8278961,motorway,453.8
31.1231824,109.6927599,motorway,459.5
31.1230474,109.6926814,motorway,463.5
31.0715294,109.5115565,motorway_link,223.2
31.1220008,109.6957506,motorway,442.7
31.1216576,109.6958873,motorway,450.5
31.0708338,109.5090366,construction,227.8
31.1859133,109.843079,secondary,432.8
31.0712271,109.5146371,motorway_link,227.5
31.0707623,109.5144987,motorway_link,216.5
31.0713177,109.512456,motorway_link,198.8
31.0709797,109.5126324,motorway_link,192.2
31.0227626,109.4628076,primary,239.6
31.0148914,109.4555737,primary,152.8
31.0228457,109.462789,primary,240.6
30.9315816,109.5417427,trunk,149.2
30.9218372,109.5527052,secondary,154.4
31.1259052,109.3507052,trunk,170.6
31.1318726,109.3781873,trunk,153.9
31.1543871,109.4518215,tertiary,195.5
31.134264,109.4275622,tertiary,145.5
31.0110433,109.4761755,trunk,142.1
31.0014424,109.4704313,primary,128.1
31.0001938,109.4782389,trunk,249.3
30.998332,109.4911812,trunk,223.6
30.8866869,109.5621471,primary,198.1
30.9538333,109.8428863,residential,301.3
30.9569616,109.8463379,primary,303.3
30.9492375,109.8370448,tertiary,313.2
31.0516344,109.5716379,trunk,148.5
31.0538891,109.5752305,trunk,148.7
31.2429014,109.7146307,trunk,260.8
31.2369735,109.7193359,trunk,247.4
31.2181097,109.6968592,tertiary,352.0
31.2210016,109.7066818,tertiary,329.8
31.2194091,109.7363889,tertiary,380.5
31.2431876,109.7163884,tertiary,251.7
31.2255952,109.7236611,tertiary,293.0
31.2231051,109.7105575,tertiary,299.4
31.0707093,109.5041885,,103.5
31.1607545,109.3514782,primary,255.5
31.0441814,109.5540797,trunk,149.2
30.8941463,109.643471,primary,761.9
30.8691479,109.6596806,unclassified,798.2
30.9517788,109.8465223,tertiary,315.4
30.9586137,109.8475095,footway,299.5
31.1227231,109.4846374,motorway,316.1
31.1264929,109.4833072,motorway,253.1
31.1225642,109.4843258,motorway,306.3
31.126396,109.4830357,motorway,247.6
31.0255664,109.4457324,primary,227.7
31.0252289,109.445943,primary,240.6
31.0256717,109.4294284,primary,188.7
31.0255725,109.4294828,primary,186.0
31.1134354,109.841448,tertiary,716.5
31.0603683,109.5187823,,82.5
31.0197131,109.3863336,tertiary,173.6
31.0194382,109.3991624,primary,169.8
31.0234536,109.381941,secondary,174.5
31.1439678,109.5262529,secondary,389.8
31.1493285,109.5314219,secondary,388.6
31.103009,109.5522619,secondary,246.2
31.0445525,109.3943916,tertiary,298.5
31.0331198,109.3606783,unclassified,273.0
30.88576,109.4663835,tertiary,210.2
31.1098828,109.6523035,trunk,243.1
31.1039367,109.6520636,tertiary,225.9
31.0824565,109.622899,tertiary,168.1
31.0831482,109.6274097,tertiary,173.0
31.1933385,109.8098669,motorway,466.4
31.1934969,109.8099864,motorway,462.5
30.9599163,109.8487383,unclassified,300.5
31.1323056,109.3554961,unclassified,185.0
31.0323785,109.3627825,motorway_link,249.9
31.0325274,109.3628283,motorway,250.7
31.0324424,109.3628018,motorway,250.4
31.0665051,109.5196791,trunk_link,207.1
31.0570268,109.5177403,primary,246.8
31.0239919,109.3938827,primary,197.9
31.0238576,109.3937794,primary,191.5
31.0221412,109.4585987,footway,323.6
31.0296452,109.3541459,residential,206.0
31.0241456,109.3697067,residential,185.8
31.0193169,109.3991086,footway,169.6
31.0185929,109.3990549,footway,173.2
30.990834,109.4554364,primary,131.5
31.2298335,109.4613001,motorway,701.3
31.2299458,109.4607093,motorway,670.6
31.2490917,109.4604294,motorway,719.0
31.0311775,109.6251179,footway,1337.9
31.0371053,109.6021226,footway,305.7
30.9827139,109.6907631,secondary,202.8
31.0493569,109.5392859,trunk,192.3
31.0572918,109.582464,trunk,171.9
31.068347,109.5965464,secondary,129.8
31.1103051,109.4406282,tertiary,134.8
31.1120957,109.4787335,motorway,252.1
31.1121364,109.478795,motorway,258.8
31.107244,109.4817429,motorway,239.0
31.1072441,109.4818971,motorway,243.1
31.1053834,109.4845356,motorway,266.6
31.1053109,109.4851747,motorway,279.7
31.1333886,109.5165621,secondary,324.0
31.1605684,109.8391965,motorway,467.4
31.1607078,109.8388332,motorway,460.3
31.17004,109.8337154,motorway_link,524.2
31.1704761,109.8340855,motorway_link,529.6
31.1700882,109.8336939,motorway_link,524.8
30.8530181,109.3740288,primary,360.8
30.8516283,109.3750108,residential,346.2
30.9645141,109.35056,primary,203.6
31.027668,109.3607352,,208.5
31.0467765,109.5656109,footway,124.8
31.0464495,109.565433,footway,99.8
31.0581249,109.6062056,secondary,238.6
31.007484,109.7456459,secondary,199.8
30.9143468,109.5519286,trunk,196.5
30.9360961,109.5430746,trunk,229.4
30.953229,109.538134,tertiary,387.0
31.0184677,109.4619333,footway,197.7
31.0176238,109.4615151,footway,172.1
31.0197808,109.4624408,footway,224.5
31.0206521,109.4616106,footway,296.5
31.1536145,109.459407,motorway,435.2
31.1596545,109.4578933,motorway,444.8
31.1591687,109.4579235,motorway,445.7
31.1837584,109.4620518,motorway,505.6
31.1836081,109.4618299,motorway,486.9
31.1890262,109.4638568,motorway,501.2
31.1888751,109.4643327,motorway,530.1
31.1954799,109.4689756,motorway,555.8
31.1952726,109.4694195,motorway,563.2
31.2023427,109.4705296,motorway,557.2
31.2023609,109.4700155,motorway,559.2
31.0422588,109.5096258,primary,161.2
31.0421555,109.5096648,primary,159.7
31.0613057,109.5183864,trunk,91.9
31.1065761,109.4407504,trunk,196.0
31.0882326,109.6233506,motorway_link,235.6
31.0166406,109.4511223,primary,157.8
31.0148432,109.4555366,primary,152.8
31.0567855,109.5254399,trunk,201.6
31.0739549,109.5064306,construction,239.5
31.07011,109.5124056,construction,178.9
31.0620341,109.5211885,construction,261.4
31.0364852,109.5519656,construction,84.8
30.9967991,109.5893035,construction,294.5
30.9864499,109.6009573,construction,119.1
30.9732722,109.6085614,construction,364.6
30.8618993,109.5894318,construction,647.6
30.8524394,109.5909559,construction,780.1
30.8516552,109.6047008,construction,755.8
30.8614837,109.6401762,construction,777.5
31.095126,109.7576558,secondary,1193.3
31.04394,109.5731849,footway,146.8
31.0415194,109.5749543,footway,160.1
31.0326484,109.4855852,primary,239.4
31.0563108,109.5250182,construction,173.8
31.057199,109.5244455,construction,209.1
31.0638843,109.5200454,construction,210.8
31.0704716,109.5131036,motorway_link,177.0
31.0737631,109.5066673,motorway_link,242.9
31.0707775,109.5114955,motorway_link,185.3
31.0708145,109.5113553,motorway_link,187.7
31.070141,109.5125803,construction,178.0
31.0698229,109.5154144,construction,175.9
31.0718794,109.5120404,construction,223.7
31.0707436,109.5096459,motorway_link,219.9
31.0666364,109.5185905,construction,214.0
31.0710768,109.5103577,construction,215.6
31.0736985,109.5067818,construction,243.3
31.0716531,109.5125737,construction,203.9
31.0271619,109.360305,primary,206.2
31.0272694,109.3604778,primary,206.5
31.0276297,109.3704563,tertiary,191.4
31.0272474,109.3674663,tertiary,192.0
31.02992,109.3720095,motorway_link,227.2
31.0299063,109.3702269,motorway_link,255.6
31.0363797,109.5521093,construction,94.2
31.0568718,109.5245731,construction,187.4
31.0304569,109.5508708,construction,169.6
31.0299252,109.5513976,construction,189.7
31.0335939,109.5527897,construction,227.5
31.031039,109.5524413,construction,233.9
31.0288535,109.5523857,construction,258.9
31.0316833,109.5533272,construction,252.5
31.0307346,109.5528534,construction,256.5
31.0333444,109.5535752,construction,254.2
31.0327836,109.5530927,construction,241.1
30.9458141,109.8161381,unclassified,340.1
31.1304621,109.4769329,motorway_link,332.1
31.1304714,109.4769792,motorway_link,332.6
31.1306782,109.4792784,motorway,358.9
31.130499,109.4789877,motorway,349.5
31.1314584,109.4892458,secondary,326.1
31.1162531,109.4798763,motorway_link,292.4
31.1379707,109.4705151,motorway,362.0
31.1382837,109.4705626,motorway,374.0
31.1342323,109.4710382,secondary,255.1
31.1400646,109.4804665,unclassified,545.0
31.1275452,109.4876675,tertiary,246.4
31.0603228,109.5188251,,79.8
31.1767278,109.8226189,motorway,546.7
31.1765489,109.8224768,motorway,545.6
31.1351686,109.5173426,secondary,337.7
31.1352822,109.5168269,secondary,361.3
31.11098,109.4574795,trunk,294.9
31.2489396,109.4598451,motorway,713.2
31.0546664,109.5319863,construction,256.1
31.0545027,109.53189,construction,240.3
31.0590818,109.5227201,construction,251.6
31.0567751,109.5244784,construction,182.0
31.0554027,109.5274549,construction,228.1
31.0552826,109.5274122,construction,213.1
31.0563281,109.525949,construction,196.3
31.0555864,109.5268791,construction,231.1
31.0554508,109.5263794,construction,204.3
31.0566281,109.5261066,construction,212.2
31.0562221,109.5255418,construction,182.6
31.0561598,109.5253607,construction,174.3
31.0558041,109.525974,construction,200.7
31.0558694,109.5261285,construction,207.6
